{"cameraMode":{"drawMode":0,"name":"Shaded","section":"Shading Mode"},"sceneLighting":false,"audioPlay":false,"sceneViewState":{"m_AlwaysRefresh":false,"showFog":true,"showSkybox":true,"showFlares":true,"showImageEffects":true,"showParticleSystems":true,"showVisualEffectGraphs":true,"m_FxEnabled":true},"in2DMode":false,"pivot":{"x":1.6250543594360352,"y":-0.7162914276123047,"z":-0.049785614013671878},"rotation":{"x":-0.14465108513832093,"y":0.8143518567085266,"z":-0.22960153222084046,"w":-0.5130553841590881},"size":7.470582962036133,"orthographic":false}